Continent,GNI,Changesinv,Exports,Imports,FinalConsExp,GrossCF,HouseholdConsExp,AgriHuntForFish,Construction,Manufacturing,MiningManU,TradeT,TransportComm,Other
Continent1,17.192876527425856,76.16898075797074,15.252190778324746,17.764316318284116,8.314794192830979,12.47835496211554,10.018878627339364,22.036453260128166,20.36094688781871,8.598130841121497,6.803013430498077,9.340051635375607,11.935153242239188,12.975002219201032
Continent2,30.191542656311814,11502.274250128541,10.350563327095548,20.29099161576158,6.015248844542439,9.790209790209788,6.375304364011061,27.00308624336608,12.305820051463211,5.233008832204701,4.973647313019939,11.193289917395392,9.271523178807946,10.909812242837793
Continent3,4.561979233461597,9.056540054606026,8.004982428526954,9.428090415820634,4.561979233461598,5.811836557697651,5.111615285685886,8.004982428526954,9.866606249114616,4.561979233461598,3.7545492806365357,3.9899442198613966,5.509922970284786,5.811836557697651
